alphabotsec,vscode-eclipse-keybindings,0.12.0
eamodio,gitlens,10.2.2
editorconfig,editorconfig,0.15.1
Gaulomatic,vscode-icontheme-nomo-dark-macos,1.0.3
GitHub,github-vscode-theme,1.1.5
golang,Go,0.18.0
humao,rest-client,0.24.3
mechatroner,rainbow-csv,1.7.1
ms-kubernetes-tools,vscode-kubernetes-tools,1.2.1
mtxr,sqltools,0.23.0
mtxr,sqltools-driver-pg,0.2.0
naco-siren,gradle-language,0.2.3
pascalreitermann93,vscode-yaml-sort,2.7.1
Pivotal,vscode-spring-boot,1.23.0
psioniq,psi-header,1.14.1
redhat,java,0.69.0
redhat,vscode-microprofile,0.1.1
redhat,vscode-quarkus,1.7.0
redhat,vscode-xml,0.13.0
redhat,vscode-yaml,0.11.1
richardwillis,vscode-gradle,3.5.2
richie5um2,vscode-sort-json,1.18.1
slevesque,vscode-zipexplorer,0.3.1
SonarSource,sonarlint-vscode,1.18.0
VisualStudioExptTeam,vscodeintellicode,1.2.10
vscjava,vscode-java-debug,0.29.0
vscjava,vscode-java-dependency,0.14.0
vscjava,vscode-java-test,0.24.2
vscjava,vscode-maven,0.25.0
vscjava,vscode-spring-boot-dashboard,0.1.10
vscjava,vscode-spring-initializr,0.5.0